{
    "0": {
        "loss": 2.3074837157520625,
        "cen_accuracy": 0.1065
    },
    "1": {
        "loss": 1.9660780993513405,
        "cen_accuracy": 0.3312
    },
    "2": {
        "loss": 0.7451665075823141,
        "cen_accuracy": 0.7042
    },
    "3": {
        "loss": 0.484591081214789,
        "cen_accuracy": 0.8229
    }
}